<?xml version="1.0" encoding="ISO-8859-1"?>
<project name="ant-backend-server-replace-task" default="backend_replace">	
	<target name="backend_replace" >
		
		<!--replace replacefilterfile="bsca_1.properties" dir="../services/">
			<include name="**/*.split"/>
		</replace-->
		
		<replace dir="../services/" token="https://m.blueshieldca.com" value="http://ws1.mobn92.blueshieldcloud.net:20000">
			<include name="**/*.split"/>
		</replace>
		
		<replace replacefilterfile="bsca_2.properties" file="properties/messages.properties" ></replace>
		
	</target>
</project>
