<?xml version="1.0" encoding="ISO-8859-1"?>
<project name="prebuild for kony project" basedir="." default="full-build">
    <include file="build.xml" as="kony" />
    
    <property name="global.tpl" location="./global.properties.tpl"/>
    <property name="build.tpl" location="./build.properties.tpl"/>
    
	<property name="profile" value="dev"/>
	<property file="env/${profile}.properties"/>	
	
    <target name="prebuild">
        <propertyfile file="${global.tpl}">
            <entry  key="workspace.location" value="${workspace.location}" />
            <entry  key="build.number" value="${build.number}" />
            <entry  key="eclipse.equinox.path" value="${eclipse.equinox.path}" />
            <entry  key="imagemagic.home" value="${imagemagic.home}" />
            <entry  key="android.home" value="${android.home}" />
            <entry  key="playbook.home" value="${playbook.home}" />
            <entry  key="qt.home" value="${qt.home}" />
            <entry  key="palm.home" value="${palm.home}" />
        </propertyfile>
        
        <replaceregexp file="${global.tpl}" match="\$\{.*\}" replace="" byline="true" />
        
        <propertyfile file="${build.tpl}">
            <entry  key="project.name" value="${project.name}" />
            <entry  key="binaries.location" value="${binaries.location}" />
            <entry  key="iphone" value="${iphone}" />
            <entry  key="android" value="${android}" />
            <entry  key="ipad" value="${ipad}" />
            <!--setting middleware server properties-->
            <entry  key="middleware_server_ip" value="${middleware_server_ip}" />
            <entry  key="middleware_http_port" value="${middleware_http_port}" />
            <entry  key="middleware_https_port" value="${middleware_https_port}" />
        </propertyfile>
        
        <replaceregexp file="${build.tpl}" match="\$\{.*\}" replace="" byline="true" />
        
        <copy file="${global.tpl}" tofile="../global.properties" overwrite="true" force="true" failonerror="true" />
        <copy file="${build.tpl}" tofile="./build.properties" overwrite="true" force="true" failonerror="true" />
        
        <move file="./ant-contrib-0.6.jar" todir="../" overwrite="true" force="true" failonerror="true" />
    </target>
    
    <target name="full-build" depends="prebuild, kony.main">
        <echo>Done be happy!</echo>
    </target>
</project>